cell_label,atoms_in_cell
495949965003,5
495949965004,14
495949975004,9
496049915006,7
496049915007,3
496049925005,4
496049925006,7
496049955005,1
496049965004,7
496049965005,7
496049975004,4
496049975005,1
496049985004,1
496049985005,2
496049995009,1
496050035014,1
496149915005,2
496149915006,44
496149915007,6
496149925004,1
496149925005,20
496149925006,25
496149925007,1
496149935004,1
496149935005,9
496149935006,1
496149945004,1
496149955002,1
496149955004,7
496149955005,7
496149955006,6
496149965005,2
496149965006,8
496149975002,1
496149975003,4
496149975004,1
496149975005,6
496149975006,2
496149985003,1
496149985004,1
496149985005,7
496149985007,6
496149985008,4
496149985009,5
496149985010,1
496149995009,3
496149995010,6
496149995011,4
496150005010,3
496150005011,7
496150035013,14
496150035014,14
496150045012,2
496150045013,11
496150045014,4
496249905006,1
496249915006,8
496249915007,3
496249925002,2
496249925003,5
496249925004,7
496249925005,4
496249925006,3
496249935002,1
496249935003,11
496249935004,9
496249935005,13
496249935006,1
496249945002,1
496249945003,1
496249945004,12
496249945005,7
496249955002,3
496249955003,4
496249955004,17
496249955005,1
496249965001,1
496249965002,5
496249965003,4
496249965004,3
496249965006,4
496249975001,1
496249975002,29
496249975003,14
496249975004,7
496249975006,4
496249975007,1
496249985003,2
496249985007,4
496249995010,2
496250005011,3
496250015010,4
496250015011,10
496250035013,15
496250035014,3
496250045010,1
496250045011,1
496250045012,4
496250045013,8
496250045014,6
496250055014,1
496250055015,3
496250055016,2
496250075014,2
496250075015,3
496349925005,2
496349935002,17
496349935003,21
496349935004,7
496349935005,13
496349935006,3
496349945002,7
496349945003,9
496349945004,7
496349955001,2
496349955002,4
496349955003,23
496349955004,15
496349965001,7
496349965002,21
496349965003,12
496349965004,6
496349965006,1
496349975002,1
496349975003,14
496349975004,1
496350005011,8
496350015009,4
496350015010,6
496350015011,7
496350025009,7
496350025010,3
496350035009,2
496350035012,1
496350045009,2
496350045010,7
496350045011,4
496350045012,10
496350045015,7
496350055010,1
496350055014,1
496350055015,4
496350055016,3
496350065013,1
496350065014,11
496350065015,4
496350065016,4
496350075014,12
496449925005,1
496449935002,4
496449935003,3
496449935004,1
496449945002,3
496449955002,1
496449955003,1
496449955004,3
496449965001,1
496449965002,7
496449965003,2
496449965004,1
496449974999,1
496449975003,16
496449975004,8
496449984999,6
496449985001,1
496449985002,2
496449985003,10
496449985004,10
496449995002,3
496449995003,1
496450015010,2
496450025009,11
496450025010,6
496450035009,7
496450035010,6
496450045009,1
496450045010,2
496450045015,2
496450055014,3
496450055015,5
496450055016,3
496450065014,4
496450065015,5
496450065016,2
496450065017,1
496450075014,1
496450075015,9
496450075016,6
496450085014,1
496450085015,5
496450085016,2
496549955000,3
496549964999,4
496549965000,14
496549965001,1
496549974998,1
496549974999,10
496549975000,6
496549975001,1
496549975003,1
496549975004,2
496549984998,3
496549984999,1
496549985000,4
496549985001,6
496549985002,1
496549985003,3
496549985004,1
496549995001,3
496549995002,6
496549995003,9
496550045015,2
496550055014,7
496550055015,8
496550065014,16
496550065015,14
496550065016,5
496550075015,1
496550075016,3
496649955000,2
496649955001,1
496649965000,16
496649965001,5
496649974997,1
496649974998,7
496649974999,3
496649975000,21
496649975001,1
496649984998,3
496649984999,1
496649985000,11
496649985001,7
496649995001,1
496650045016,1
496650055016,9
496650055017,12
496650065014,5
496650065015,3
496650065016,9
496650065017,3
496650075015,1
496650075017,5
496650075018,1
496650075019,1
496650085017,1
496650085018,1
496749965000,3
496749965001,1
496749974999,5
496749975000,8
496749984997,8
496749984998,10
496749984999,4
496749985000,1
496749994998,3
496750035014,4
496750035015,1
496750045014,7
496750045015,11
496750045016,1
496750055015,5
496750055016,11
496750055017,9
496750065014,1
496750065015,18
496750065016,9
496750065017,2
496750065018,1
496750065019,2
496750075015,4
496750075016,3
496750075018,3
496750075019,20
496750075020,1
496750085018,3
496750085019,11
496750085020,1
496849934992,1
496849944992,1
496849964999,2
496849965000,2
496849975000,1
496849994998,1
496850035014,5
496850035015,1
496850045013,4
496850045014,5
496850045015,11
496850055013,2
496850065015,4
496850065018,1
496850075014,1
496850075015,6
496850075016,5
496850075017,3
496850075018,2
496850075019,3
496850075020,1
496850085016,4
496850085017,10
496850085018,4
496850085019,9
496850095019,4
496850095020,4
496949924991,6
496949924992,4
496949924995,2
496949934991,3
496949934992,4
496949934993,13
496949934994,3
496949934995,2
496949944992,5
496949964999,5
496949965000,1
496949974999,2
496950055013,4
496950055014,3
496950065013,1
496950065014,5
496950065015,5
496950065016,6
496950075014,2
496950075015,2
496950075016,11
496950075017,6
496950085016,11
496950085017,9
496950085018,1
496950085019,2
496950095015,1
496950095016,12
496950095017,1
496950095019,4
496950095020,3
496950095021,6
496950105019,1
496950105020,3
496950105021,6
496950115019,5
496950115020,5
496950115021,1
496950165026,1
496950175026,1
497049904995,1
497049904996,11
497049904997,4
497049914995,3
497049914996,14
497049924991,1
497049924993,2
497049924995,10
497049924996,8
497049934991,1
497049934992,2
497049934993,17
497049934994,6
497049934995,7
497049944991,6
497049944992,14
497049954992,4
497049964999,5
497049974999,2
497050045013,1
497050045014,11
497050055013,7
497050055014,7
497050065013,5
497050065014,1
497050065015,3
497050075016,1
497050085016,8
497050085017,14
497050095016,2
497050095017,3
497050095019,8
497050095020,8
497050095021,4
497050105019,8
497050105020,6
497050115019,3
497050115020,1
497050135022,9
497050135023,1
497050145022,6
497050145023,7
497050155022,8
497050155023,2
497050165022,8
497050165023,1
497050165024,3
497050165025,6
497050165026,3
497050175023,1
497050175025,4
497050175026,1
497050185022,2
497149904992,1
497149904993,2
497149914993,4
497149914994,1
497149914997,1
497149914998,1
497149924995,3
497149924996,3
497149924997,7
497149924998,10
497149934991,3
497149934992,12
497149934993,2
497149934997,7
497149944991,2
497149944992,2
497149944993,1
497149954998,2
497149954999,10
497149964999,8
497149965000,3
497149974999,1
497150045014,1
497150055014,1
497150085019,3
497150085020,2
497150095019,2
497150095020,13
497150095021,2
497150105020,1
497150105021,4
497150115021,1
497150125021,1
497150125022,1
497150135021,1
497150135022,3
497150145022,1
497150145023,8
497150155022,1
497150155023,1
497150165022,1
497150165023,10
497150165024,4
497150165025,3
497150175022,2
497150175023,11
497150175024,1
497150175025,7
497150185021,2
497150185022,15
497150195019,2
497150195020,12
497150195021,8
497150195022,12
497150195023,7
497150205020,1
497150265026,1
497150265027,2
497150275026,1
497249904992,6
497249904993,26
497249904994,2
497249914991,3
497249914992,10
497249914993,10
497249914994,3
497249914995,5
497249914996,5
497249924992,3
497249924996,3
497249924997,21
497249924998,2
497249934991,3
497249934992,8
497249934996,2
497249934997,33
497249934998,3
497249944997,2
497249944998,5
497249954997,5
497249954998,16
497249954999,8
497249964998,1
497249964999,2
497249965000,2
497250085019,9
497250085020,1
497250105020,3
497250105021,2
497250115020,1
497250115021,2
497250115022,10
497250125021,1
497250125022,1
497250165023,1
497250165024,8
497250165025,5
497250175021,1
497250175022,1
497250175023,4
497250175024,4
497250175025,8
497250175026,5
497250175027,7
497250175028,3
497250185021,3
497250185022,19
497250185023,14
497250185024,2
497250185025,11
497250185026,3
497250185028,4
497250195019,1
497250195020,6
497250195021,9
497250195022,30
497250195023,24
497250195024,2
497250195025,7
497250195026,2
497250195027,4
497250205022,10
497250205023,10
497250205024,3
497250215024,4
497250215025,2
497250225027,1
497250245026,4
497250245027,1
497250255027,1
497250265026,4
497250265027,6
497250275026,5
497250275027,8
497349924992,9
497349924995,1
497349924997,3
497349934996,6
497349934997,18
497349934998,1
497349944997,1
497350115021,1
497350145025,8
497350145026,2
497350155023,3
497350155024,9
497350155025,12
497350155026,4
497350165023,1
497350165024,15
497350165025,34
497350165026,4
497350165029,9
497350175021,2
497350175022,2
497350175023,2
497350175024,2
497350175025,11
497350175026,2
497350175027,3
497350175028,10
497350175029,10
497350175030,1
497350185021,11
497350185022,40
497350185023,21
497350185024,3
497350185025,4
497350185026,9
497350185027,10
497350185028,11
497350185029,1
497350195021,4
497350195022,12
497350195023,23
497350195024,8
497350195025,32
497350195026,27
497350195027,11
497350195028,13
497350195029,4
497350205022,3
497350205023,3
497350205024,5
497350205025,7
497350205026,5
497350205027,7
497350205028,4
497350205029,1
497350215023,1
497350215024,6
497350215025,4
497350215026,3
497350215027,5
497350215028,3
497350225024,1
497350225025,1
497350225026,1
497350225027,9
497350225028,1
497350235026,10
497350235027,5
497350245026,3
497350245027,2
497350255027,4
497350265026,14
497350265027,11
497350275026,4
497350275027,13
497449904994,4
497449904995,5
497449914994,4
497449914995,5
497449924994,4
497449924995,10
497449924996,1
497449924997,9
497449934996,3
497449934997,8
497449934998,2
497450145025,2
497450155023,1
497450155024,6
497450155025,21
497450155026,2
497450165023,3
497450165025,3
497450165026,10
497450165029,1
497450165030,1
497450175022,9
497450175023,6
497450175024,7
497450175025,6
497450175029,11
497450175030,1
497450185021,6
497450185022,27
497450185023,13
497450185024,8
497450185025,9
497450185026,4
497450185028,7
497450185029,2
497450195021,6
497450195022,19
497450195023,16
497450195024,3
497450195025,1
497450195026,3
497450195027,3
497450195028,5
497450195029,3
497450205022,10
497450205023,2
497450205024,5
497450205026,3
497450205027,4
497450215026,2
497450225026,2
497450225027,1
497450235026,1
497450235027,1
497450255027,4
497450265026,5
497450265027,4
497450265028,3
497450275027,1
497450275028,4
497549904994,3
497549904995,1
497549914994,5
497549914995,2
497549914996,1
497549914997,5
497549924996,1
497549924997,2
497549934996,1
497550165023,1
497550165025,2
497550175022,9
497550175023,9
497550175024,9
497550175025,8
497550185023,5
497550185024,1
497550185025,9
497550195023,14
497550205023,5
497550235027,2
497550235028,2
497550245027,3
497550245028,8
497550245029,1
497550255027,3
497550255028,31
497550265026,2
497550265027,8
497550265028,15
497550275027,1
497550275028,12
497550275029,1
497649904994,1
497649904995,2
497649904997,1
497649914994,2
497649914995,6
497649914996,4
497649914997,9
497649914998,1
497650175023,6
497650175024,8
497650185023,3
497650185024,5
497650195023,12
497650195024,6
497650205024,1
497650225028,3
497650225029,2
497650235027,5
497650235028,9
497650235029,2
497650245027,4
497650245028,6
497650255028,4
497650255034,1
497650255035,3
497650265028,7
497650265029,3
497650265034,2
497650275028,6
497650275029,5
497749904995,1
497749904997,1
497749914995,2
497749914996,1
497749914997,4
497749924995,2
497749924996,1
497750185024,1
497750225034,3
497750235027,3
497750235028,4
497750235029,5
497750235033,1
497750235034,2
497750245026,1
497750245027,2
497750245028,4
497750245033,3
497750245034,1
497750255027,4
497750255029,1
497750255033,5
497750255034,18
497750255035,10
497750265027,1
497750265028,5
497750265029,13
497750265033,1
497750265034,13
497750275028,3
497750275029,3
497750275034,5
497750275035,1
497849894994,2
497849904993,1
497849904994,7
497849904995,1
497849914993,1
497849914994,3
497849914995,6
497849914996,2
497849924999,1
497850225034,3
497850235027,1
497850235028,5
497850235033,2
497850235034,3
497850245025,8
497850245026,2
497850245027,2
497850245028,6
497850245033,2
497850245034,2
497850255025,1
497850255026,5
497850255027,9
497850255028,4
497850255033,2
497850255034,5
497850255035,3
497850265027,9
497850265028,6
497850265034,5
497850275027,13
497850275028,2
497850275032,2
497850275033,6
497850275034,4
497850275035,2
497850285027,5
497850285028,3
497850285029,7
497850285030,1
497850285032,2
497850285033,3
497850285034,4
497850285035,1
497850295029,1
497949894994,3
497949894995,1
497949894997,2
497949904993,1
497949904994,6
497949904995,3
497949904996,4
497949904997,1
497949904998,4
497949914996,1
497949914998,4
497949914999,11
497949915000,5
497949924998,4
497949924999,12
497949925000,13
497950235034,3
497950245034,5
497950255026,2
497950255034,9
497950255035,13
497950265034,2
497950265035,5
497950275027,1
497950275031,2
497950275032,3
497950275033,2
497950275034,1
497950275035,26
497950275036,2
497950285027,11
497950285028,7
497950285029,4
497950285030,10
497950285031,4
497950285032,8
497950285033,9
497950285034,8
497950285035,4
497950285037,2
497950295028,4
497950295029,1
497950295034,1
498049904996,6
498049904998,1
498049905000,1
498049914999,4
498049915000,18
498049915001,1
498049924998,3
498049924999,7
498049925000,5
498050245034,2
498050255034,6
498050255035,9
498050265035,2
498050275034,4
498050275035,4
498050275036,1
498050285034,5
498050285035,4
498050285036,5
498050285037,8
498149905001,1
498149914998,1
498149914999,3
498149915000,11
498149915001,11
498149924998,13
498149924999,22
498149925000,3
498149925001,1
498149925003,1
498149934998,3
498149935002,1
498149945003,9
498149955003,8
498149955004,3
498149965004,2
498150265038,1
498150275037,4
498150275038,9
498150275039,1
498150285035,1
498150285036,4
498150285037,9
498150285038,7
498150295036,9
498150295037,6
498150295038,21
498150305036,1
498150315035,1
498150315037,2
498150345039,1
498150355037,5
498150355038,1
498249915001,3
498249915002,6
498249915003,2
498249924998,4
498249924999,5
498249925002,10
498249925003,13
498249934998,14
498249934999,9
498249935001,1
498249935002,17
498249935003,7
498249944999,5
498249945000,1
498249945001,1
498249945002,3
498249945003,18
498249955003,8
498249965004,1
498250265038,2
498250275037,1
498250275038,10
498250275039,4
498250285035,3
498250285036,3
498250285037,7
498250285038,9
498250295035,16
498250295036,16
498250295037,26
498250295038,16
498250295039,1
498250305036,2
498250305037,8
498250305038,4
498250315034,4
498250315035,12
498250315036,15
498250315037,4
498250315038,2
498250325034,1
498250345038,7
498250345039,4
498250355037,14
498250355038,6
498250355039,8
498250365037,2
498250365038,3
498250365039,5
498349915000,1
498349915001,8
498349915002,12
498349915003,12
498349924999,4
498349925000,3
498349925001,2
498349925002,10
498349925003,8
498349934998,4
498349934999,27
498349935000,26
498349935001,3
498349935002,2
498349935003,6
498349944999,9
498349945000,12
498349945001,8
498349945003,4
498350285035,1
498350285037,1
498350285038,4
498350295035,2
498350295036,4
498350295037,23
498350295038,19
498350295039,3
498350305036,9
498350305037,9
498350315035,16
498350315036,10
498350315037,11
498350315038,6
498350325034,4
498350325035,3
498350325036,4
498350325037,7
498350325038,3
498350335035,4
498350335036,1
498350335037,4
498350335038,2
498350345037,4
498350345038,18
498350345039,8
498350345040,14
498350355037,2
498350355038,12
498350355039,8
498350355040,7
498350365038,3
498350365039,2
498350365041,2
498350365042,1
498350375042,4
498350395027,1
498350395043,3
498350415028,1
498449885004,2
498449895002,1
498449895003,14
498449905001,2
498449905002,12
498449905003,7
498449915001,5
498449915002,10
498449915003,16
498449925001,1
498449925002,1
498449935000,8
498449935001,2
498449935002,8
498449935003,3
498449945000,2
498449945001,3
498449945002,9
498449945003,8
498449945004,2
498450285038,1
498450285039,1
498450295038,3
498450295039,4
498450295040,2
498450295042,1
498450305038,1
498450305039,3
498450305042,7
498450315040,1
498450315041,1
498450315042,4
498450325035,1
498450325037,1
498450325040,2
498450335034,3
498450335035,20
498450335036,5
498450335037,6
498450335038,1
498450335039,5
498450335040,3
498450345032,11
498450345033,7
498450345034,7
498450345035,3
498450345036,4
498450345037,9
498450345038,14
498450345039,2
498450345040,5
498450355031,1
498450355032,7
498450355033,2
498450355037,13
498450355038,7
498450355039,3
498450355040,4
498450365031,1
498450365037,4
498450365038,5
498450365039,1
498450365040,1
498450365041,5
498450365042,4
498450365043,2
498450375031,1
498450375041,1
498450375042,14
498450375043,4
498450385027,5
498450385042,4
498450385043,5
498450395026,3
498450395027,3
498450395042,4
498450395043,4
498450405026,1
498450405027,8
498450405028,4
498450405030,2
498450405031,2
498450415027,7
498450415028,7
498450415029,4
498450415030,2
498549885004,7
498549895003,2
498549905002,1
498549905003,2
498549915001,2
498549915002,14
498549915003,3
498549925002,4
498549925003,2
498549935002,2
498549935003,2
498549945003,4
498549945004,3
498550295039,2
498550295040,1
498550295041,4
498550295042,5
498550305039,3
498550305040,12
498550305041,5
498550305042,4
498550315039,3
498550315041,3
498550325040,2
498550335036,1
498550345032,5
498550345033,1
498550345040,6
498550355030,1
498550355031,2
498550355032,2
498550355040,4
498550365030,1
498550365031,7
498550365041,8
498550365042,7
498550365043,1
498550375029,3
498550375030,3
498550375031,4
498550375040,1
498550375041,6
498550375042,5
498550375043,2
498550385027,6
498550385028,4
498550385029,1
498550385030,5
498550385040,9
498550385041,11
498550385042,4
498550385043,1
498550395039,1
498550395040,8
498550395041,1
498550405030,8
498649845005,4
498649855005,24
498649855006,3
498649865005,3
498649865006,7
498649885004,8
498649885005,5
498649885006,1
498649935002,10
498649935003,3
498649945002,5
498649945003,4
498649945004,3
498650295040,11
498650295041,4
498650305039,7
498650305040,12
498650305041,15
498650305042,3
498650315039,3
498650315040,1
498650315041,2
498650345040,2
498650345041,1
498650355040,12
498650355041,12
498650355042,1
498650365041,13
498650365042,7
498650375030,12
498650375040,7
498650375041,22
498650375042,2
498650385029,3
498650385030,7
498650385039,2
498650385040,20
498650385041,17
498650385042,1
498650395029,4
498650395030,9
498650395039,3
498650395040,27
498650395041,8
498650395042,2
498650405030,12
498650405031,2
498749845005,2
498749845006,1
498749855005,13
498749855006,1
498749865004,4
498749865005,7
498749865006,10
498749875004,15
498749875005,8
498749875006,9
498749885004,20
498749885005,21
498749885006,7
498749895004,3
498749895005,4
498750305039,25
498750305040,2
498750315039,12
498750315040,1
498750365040,6
498750365041,19
498750365042,2
498750375030,1
498750375040,5
498750375041,21
498750375042,2
498750385029,4
498750385030,10
498750385039,16
498750385040,13
498750395029,4
498750395030,17
498750395031,6
498750395040,6
498750395041,2
498750405030,7
498750405031,6
498849865004,2
498849865005,4
498849875005,11
498849875006,23
498849885004,9
498849885005,22
498849885006,30
498849885007,4
498849895005,8
498849895006,4
498849895007,4
498849905005,2
498849905006,3
498849905007,1
498849915005,2
498849915006,2
498850305039,5
498850315039,1
498850365040,1
498850365041,2
498850375040,2
498850375041,1
498850385030,1
498850385031,3
498850385039,3
498850385040,3
498850385041,2
498850395030,3
498850395031,2
498949875005,5
498949875006,3
498949875007,2
498949875008,8
498949885004,3
498949885005,9
498949885006,23
498949885007,3
498949895005,3
498949895006,10
498949895007,5
498949905004,18
498949915003,1
498949915004,6
498949915005,6
498949925005,5
498949925006,1
498949935005,2
498949935007,1
498949945005,3
498949945006,1
498949945008,2
498949945009,1
498949955007,2
498949955008,6
498949965007,2
499049875007,5
499049875008,2
499049885005,4
499049885006,2
499049885007,3
499049885008,8
499049895005,3
499049895006,14
499049895007,13
499049895008,8
499049895009,4
499049904999,1
499049905004,10
499049905005,9
499049905006,6
499049905007,1
499049905008,3
499049914998,1
499049915003,15
499049915004,7
499049924999,1
499049925003,4
499049925004,4
499049925005,9
499049925006,1
499049935005,5
499049935006,5
499049935007,11
499049945003,4
499049945004,4
499049945005,7
499049945006,3
499049945007,3
499049945008,2
499049945009,3
499049955003,3
499049955004,6
499049955005,6
499049955006,4
499049955007,13
499049955008,2
499049955009,1
499049964992,2
499049964993,4
499049965003,1
499049965007,1
499050014995,1
499149885005,1
499149895006,2
499149895007,4
499149895008,3
499149895009,6
499149904999,3
499149905008,1
499149905009,2
499149914998,13
499149914999,20
499149915000,6
499149915003,2
499149915004,4
499149924997,3
499149924998,3
499149924999,7
499149925003,1
499149925004,5
499149934997,5
499149934998,1
499149935004,1
499149935005,4
499149935006,7
499149935007,1
499149944997,6
499149945007,3
499149945008,3
499149945009,1
499149954992,1
499149954997,1
499149955003,5
499149955004,6
499149955005,5
499149955007,18
499149964992,2
499149964993,13
499149964994,1
499149964996,2
499149964997,3
499149965003,3
499149965004,1
499149974993,1
499150004997,1
499150004998,2
499150014995,3
499150014996,5
499150014997,5
499150014998,1
499150024995,8
499150024996,10
499150024997,1
499249895009,4
499249904999,1
499249905000,5
499249905006,1
499249905007,4
499249905008,11
499249905009,2
499249914998,2
499249914999,10
499249915000,6
499249915001,2
499249915004,2
499249915005,1
499249915007,1
499249924998,1
499249924999,6
499249925000,3
499249925001,3
499249925004,9
499249925005,2
499249934993,2
499249934994,3
499249935003,2
499249935004,18
499249935005,11
499249944993,4
499249944994,5
499249945003,2
499249945004,10
499249945005,2
499249954992,1
499249954993,6
499249954997,2
499249955004,8
499249955005,2
499249964992,2
499249964993,13
499249964994,5
499249964996,9
499249974993,2
499249974994,7
499249974995,1
499249974996,7
499249974997,2
499249984995,3
499249984996,1
499249984997,3
499249994995,1
499249994996,3
499250004997,6
499250004998,4
499250014994,2
499250014996,1
499250014997,2
499250024995,11
499250024996,2
499250024997,2
499250034996,3
499349905005,3
499349905006,5
499349905008,3
499349915000,1
499349915001,2
499349915004,2
499349915006,5
499349915007,1
499349915008,2
499349925001,10
499349925002,8
499349925003,3
499349925004,4
499349934994,5
499349935003,3
499349935004,9
499349935005,6
499349945005,1
499349954991,5
499349954992,5
499349954993,4
499349955004,1
499349964992,1
499349964993,5
499349964994,6
499349964995,1
499349964996,7
499349964997,1
499349974994,1
499349974995,3
499349974996,3
499349974997,1
499349984995,7
499349984996,7
499349984997,5
499349994995,9
499349994996,15
499349994997,4
499350004994,10
499350004996,6
499350004997,4
499350014994,6
499350014995,7
499350014996,4
499350014997,4
499350014998,3
499350024994,1
499350024995,18
499350024996,9
499350024997,4
499350034995,8
499350034996,4
499350044995,2
499449895007,6
499449905001,1
499449905002,1
499449905003,4
499449905004,3
499449905006,6
499449905007,1
499449915001,6
499449915002,12
499449915003,3
499449915004,5
499449915005,4
499449925001,12
499449925002,8
499449925004,5
499449925005,1
499449934994,1
499449935001,1
499449944994,4
499449954991,4
499449954992,7
499449984992,2
499449984993,2
499449984995,1
499449984996,5
499449984997,10
499449994992,1
499449994994,2
499449994995,10
499449994996,7
499449994997,3
499450004994,1
499450004995,2
499450004996,7
499450004997,2
499450014995,1
499450014996,4
499450014997,2
499450014998,2
499450024994,2
499450024995,3
499450024996,2
499450024997,2
499450024998,3
499450034994,3
499450034995,4
499549885006,1
499549895003,6
499549895004,2
499549895006,8
499549895007,3
499549905000,1
499549905002,2
499549905003,13
499549905004,6
499549905005,3
499549905006,7
499549905007,6
499549915001,9
499549915002,13
499549915003,3
499549915004,2
499549915005,12
499549915006,4
499549925000,1
499549925001,6
499549925004,12
499549925005,13
499549925006,9
499549935004,3
499549935005,7
499549935006,5
499549944994,3
499549945006,9
499549954992,4
499549954994,3
499549955005,1
499549964992,2
499549964993,1
499549964994,10
499549974993,14
499549974994,4
499549984991,1
499549984992,2
499549984993,3
499549984995,1
499549984996,17
499549994991,2
499549994992,4
499549994996,9
499550004994,3
499550004996,1
499550024994,2
499550024995,7
499550024996,4
499550034995,2
499649895003,4
499649895006,1
499649905003,1
499649905005,1
499649905006,1
499649905007,3
499649915002,1
499649915005,3
499649915006,16
499649915007,11
499649925005,1
499649925006,5
499649925007,4
499649935005,6
499649935006,6
499649935007,1
499649944990,1
499649944991,3
499649945003,2
499649945004,9
499649945005,8
499649945006,19
499649945007,1
499649954990,2
499649954991,1
499649954993,3
499649954994,13
499649954995,7
499649955004,1
499649955005,2
499649955006,1
499649964992,14
499649964993,2
499649964994,18
499649964995,8
499649974992,6
499649974993,12
499649974994,31
499649974995,5
499649984990,1
499649984991,5
499649984992,4
499649984993,3
499649984994,8
499649994992,3
499649994993,4
499649994994,4
499649994995,1
499649994996,4
499650004992,1
499650004993,8
499650004994,6
499650004995,3
499650004996,6
499650004997,17
499650004998,1
499650014992,1
499650014995,2
499650014997,1
499650024995,3
499650024996,8
499749905007,9
499749915005,1
499749915006,16
499749915007,17
499749925006,4
499749925007,1
499749925008,2
499749935005,2
499749935006,24
499749935007,1
499749935008,9
499749944989,1
499749944990,8
499749944991,5
499749944992,1
499749945004,7
499749945008,1
499749954990,5
499749954991,11
499749954992,4
499749954993,4
499749954994,1
499749955004,5
499749955005,6
499749955006,1
499749955007,1
499749955008,3
499749964991,1
499749964992,3
499749964994,4
499749965005,2
499749965006,11
499749965007,2
499749974991,1
499749974992,4
499749974993,6
499749974994,2
499749974999,4
499749984991,13
499749984992,17
499749984993,8
499749984994,18
499749984998,1
499749984999,7
499749994991,3
499749994992,13
499749994993,3
499749994994,5
499749994995,1
499750004992,4
499750004993,15
499750004995,10
499750004996,3
499750004997,3
499750014993,1
499750014994,1
499750014995,10
499750014996,7
499750014997,6
499750024995,3
499750024996,7
499849915006,6
499849915007,15
499849925006,8
499849925008,3
499849935005,1
499849935006,39
499849935007,8
499849935008,8
499849944990,1
499849944991,1
499849944993,1
499849945004,3
499849945005,6
499849945007,1
499849945008,2
499849945009,2
499849954991,8
499849954992,7
499849954993,7
499849955004,2
499849955005,7
499849955006,5
499849955007,7
499849955008,7
499849955009,2
499849964991,3
499849964996,2
499849964998,2
499849965005,1
499849965006,7
499849965007,5
499849965008,3
499849974991,2
499849974993,1
499849974997,5
499849974998,9
499849974999,9
499849975000,2
499849984991,10
499849984992,1
499849984993,2
499849984994,16
499849984998,3
499849984999,12
499849985000,7
499849994993,3
499849994994,6
499849994998,6
499849994999,7
499949915007,1
499949925005,1
499949925006,13
499949925007,4
499949935005,4
499949935006,18
499949935007,4
499949944993,1
499949944994,1
499949944995,1
499949945004,2
499949945005,3
499949945006,1
499949945008,3
499949954991,1
499949954993,1
499949954994,8
499949954997,1
499949955004,1
499949955009,1
499949964991,1
499949964996,14
499949964997,21
499949964998,4
499949964999,1
499949974991,6
499949974996,6
499949974997,19
499949974998,21
499949974999,7
499949975000,2
499949984991,2
499949984994,3
499949984997,10
499949984998,25
499949984999,12
499949985000,2
499949994998,6
499949994999,4
499950005000,1
500049925006,2
500049935005,1
500049935006,15
500049935007,1
500049944994,2
500049944995,6
500049945006,1
500049954994,1
500049954995,3
500049954996,1
500049964996,8
500049964997,8
500049964998,13
500049964999,1
500049974996,6
500049974997,24
500049974998,36
500049974999,6
500049975000,1
500049984996,1
500049984997,19
500049984998,24
500049984999,45
500049985000,7
500049994999,3
500049995000,9
500050005000,10
500149944995,1
500149944996,1
500149954995,2
500149954996,9
500149964996,11
500149964997,2
500149964998,9
500149974998,6
500149974999,7
500149984999,6
500149994999,1
500149995000,11
500150005000,1
500249964998,11
500249964999,7
500249974998,2
500249974999,10
500349964998,7
500349964999,5
500349974998,1
500349974999,2
