time,n_atom,itr,type
25541452.0,1000,1,cpu
25540076.0,1000,2,cpu
25535153.0,1000,3,cpu
25538229.0,1000,4,cpu
2698048.1147766113,1000,1,segmented_traversal
2698143.95904541,1000,2,segmented_traversal
2695904.016494751,1000,3,segmented_traversal
2707456.111907959,1000,4,segmented_traversal
558080.0175666809,1000,1,implicit_force_matrix
567296.028137207,1000,2,implicit_force_matrix
554112.0171546936,1000,3,implicit_force_matrix
578592.0023918152,1000,4,implicit_force_matrix
697120.0108528137,1000,1,explicit_force_matrix
693247.9739189148,1000,2,explicit_force_matrix
697344.0051078796,1000,3,explicit_force_matrix
717248.0225563049,1000,4,explicit_force_matrix
102365283.0,2000,1,cpu
106698878.0,2000,2,cpu
103063013.0,2000,3,cpu
103374088.0,2000,4,cpu
5367680.072784424,2000,1,segmented_traversal
5452703.952789307,2000,2,segmented_traversal
5524479.866027832,2000,3,segmented_traversal
5441535.949707031,2000,4,segmented_traversal
1487519.9794769287,2000,1,implicit_force_matrix
1496063.9476776123,2000,2,implicit_force_matrix
1507295.9661483765,2000,3,implicit_force_matrix
1519199.9673843384,2000,4,implicit_force_matrix
2019328.1173706055,2000,1,explicit_force_matrix
2046976.089477539,2000,2,explicit_force_matrix
2059263.9446258545,2000,3,explicit_force_matrix
2057408.094406128,2000,4,explicit_force_matrix
232184680.0,3000,1,cpu
233316678.0,3000,2,cpu
231322971.0,3000,3,cpu
230619093.0,3000,4,cpu
8046591.758728027,3000,1,segmented_traversal
8004832.2677612305,3000,2,segmented_traversal
8007679.9392700195,3000,3,segmented_traversal
7926784.038543701,3000,4,segmented_traversal
2982912.063598633,3000,1,implicit_force_matrix
2939903.974533081,3000,2,implicit_force_matrix
2959039.9265289307,3000,3,implicit_force_matrix
2957695.960998535,3000,4,implicit_force_matrix
4563615.798950195,3000,1,explicit_force_matrix
4568064.212799072,3000,2,explicit_force_matrix
4553472.04208374,3000,3,explicit_force_matrix
4538144.111633301,3000,4,explicit_force_matrix
422510656.0,4000,1,cpu
409849756.0,4000,2,cpu
414653707.0,4000,3,cpu
410519498.0,4000,4,cpu
11956224.44152832,4000,1,segmented_traversal
11809791.564941406,4000,2,segmented_traversal
11963104.248046875,4000,3,segmented_traversal
11812640.190124512,4000,4,segmented_traversal
4936704.158782959,4000,1,implicit_force_matrix
4918335.914611816,4000,2,implicit_force_matrix
4935679.912567139,4000,3,implicit_force_matrix
4933472.156524658,4000,4,implicit_force_matrix
8356863.975524902,4000,1,explicit_force_matrix
8325119.972229004,4000,2,explicit_force_matrix
8370176.315307617,4000,3,explicit_force_matrix
8329919.815063477,4000,4,explicit_force_matrix
643655860.0,5000,1,cpu
641297663.0,5000,2,cpu
645468089.0,5000,3,cpu
643802494.0,5000,4,cpu
17709056.854248047,5000,1,segmented_traversal
17643520.35522461,5000,2,segmented_traversal
17673215.866088867,5000,3,segmented_traversal
17612607.955932617,5000,4,segmented_traversal
7601151.943206787,5000,1,implicit_force_matrix
7600031.852722168,5000,2,implicit_force_matrix
7609536.170959473,5000,3,implicit_force_matrix
7609280.109405518,5000,4,implicit_force_matrix
13462143.898010254,5000,1,explicit_force_matrix
13454336.166381836,5000,2,explicit_force_matrix
13467647.552490234,5000,3,explicit_force_matrix
13466208.457946777,5000,4,explicit_force_matrix
928012130.0,6000,1,cpu
930369741.0,6000,2,cpu
930483958.0,6000,3,cpu
934650784.0,6000,4,cpu
21154399.871826172,6000,1,segmented_traversal
21125120.162963867,6000,2,segmented_traversal
21141439.43786621,6000,3,segmented_traversal
21788639.068603516,6000,4,segmented_traversal
10831871.98638916,6000,1,implicit_force_matrix
10783743.858337402,6000,2,implicit_force_matrix
10771871.566772461,6000,3,implicit_force_matrix
10825119.972229004,6000,4,implicit_force_matrix
19485696.79260254,6000,1,explicit_force_matrix
19480575.561523438,6000,2,explicit_force_matrix
19481599.807739258,6000,3,explicit_force_matrix
19498239.517211914,6000,4,explicit_force_matrix
1273462105.0,7000,1,cpu
1297926168.0,7000,2,cpu
1294842467.0,7000,3,cpu
1275629386.0,7000,4,cpu
30728191.375732422,7000,1,segmented_traversal
30721759.796142578,7000,2,segmented_traversal
30819232.940673828,7000,3,segmented_traversal
30751743.31665039,7000,4,segmented_traversal
14570272.445678711,7000,1,implicit_force_matrix
14684960.36529541,7000,2,implicit_force_matrix
14567040.44342041,7000,3,implicit_force_matrix
14582304.000854492,7000,4,implicit_force_matrix
27445247.650146484,7000,1,explicit_force_matrix
27454463.958740234,7000,2,explicit_force_matrix
27428863.525390625,7000,3,explicit_force_matrix
27403007.50732422,7000,4,explicit_force_matrix
1659063509.0,8000,1,cpu
1661400163.0,8000,2,cpu
1665573398.0,8000,3,cpu
1669136694.0,8000,4,cpu
38938625.33569336,8000,1,segmented_traversal
38279167.17529297,8000,2,segmented_traversal
41055038.45214844,8000,3,segmented_traversal
41060352.32543945,8000,4,segmented_traversal
17463296.89025879,8000,1,implicit_force_matrix
17426431.65588379,8000,2,implicit_force_matrix
18810880.661010742,8000,3,implicit_force_matrix
18794847.48840332,8000,4,implicit_force_matrix
33701889.03808594,8000,1,explicit_force_matrix
33656833.64868164,8000,2,explicit_force_matrix
35330303.19213867,8000,3,explicit_force_matrix
35374721.52709961,8000,4,explicit_force_matrix
2102128337.0,9000,1,cpu
2110539921.0,9000,2,cpu
2104604204.0,9000,3,cpu
2103978399.0,9000,4,cpu
46341121.673583984,9000,1,segmented_traversal
46257152.55737305,9000,2,segmented_traversal
46292991.638183594,9000,3,segmented_traversal
46201854.70581055,9000,4,segmented_traversal
23828832.626342773,9000,1,implicit_force_matrix
23783456.802368164,9000,2,implicit_force_matrix
23895872.116088867,9000,3,implicit_force_matrix
23795007.705688477,9000,4,implicit_force_matrix
46728862.76245117,9000,1,explicit_force_matrix
46623550.41503906,9000,2,explicit_force_matrix
46702590.94238281,9000,3,explicit_force_matrix
46692127.2277832,9000,4,explicit_force_matrix
2612143162.0,10000,1,cpu
2599271122.0,10000,2,cpu
2607461440.0,10000,3,cpu
2637882465.0,10000,4,cpu
60046337.12768555,10000,1,segmented_traversal
59888641.357421875,10000,2,segmented_traversal
59668479.919433594,10000,3,segmented_traversal
59676673.889160156,10000,4,segmented_traversal
29279903.411865234,10000,1,implicit_force_matrix
27125759.12475586,10000,2,implicit_force_matrix
29358272.552490234,10000,3,implicit_force_matrix
29216192.2454834,10000,4,implicit_force_matrix
56040287.017822266,10000,1,explicit_force_matrix
56112129.21142578,10000,2,explicit_force_matrix
55968448.638916016,10000,3,explicit_force_matrix
55966400.146484375,10000,4,explicit_force_matrix
